{"cameraMode":{"drawMode":0,"name":"Shaded","section":"Shading Mode"},"sceneLighting":false,"audioPlay":false,"sceneViewState":{"showFog":true,"showMaterialUpdate":false,"showSkybox":true,"showFlares":true,"showImageEffects":true,"showParticleSystems":true},"in2DMode":false,"pivot":{"x":0.0,"y":-0.027835257351398469,"z":-0.05924779921770096},"rotation":{"x":-0.04111160710453987,"y":0.9383972883224487,"z":-0.3214260935783386,"w":-0.12002399563789368},"size":0.24371162056922913,"orthographic":false}