{"cameraMode":{"drawMode":0,"name":"Shaded","section":"Shading Mode"},"sceneLighting":true,"audioPlay":false,"sceneViewState":{"showFog":true,"showMaterialUpdate":false,"showSkybox":true,"showFlares":true,"showImageEffects":true,"showParticleSystems":true},"in2DMode":false,"pivot":{"x":0.21670843660831452,"y":3.9013068675994875,"z":5.894873142242432},"rotation":{"x":0.056165456771850589,"y":-0.8823469877243042,"z":0.45432478189468386,"w":0.10907942056655884},"size":11.257888793945313,"orthographic":false}